,"
Positive/Negative/Neutral (+/-/_)",subcategory,Label,Dataset,,,,Comments,REMOVE from V1,,,,,,,,,,,,,,,,
,,,,COCO,IMNET,OID,todo,,,,,,,,,,,,,,,,,,
,,,,,,,,,,,,,,,,,,,,,,,,,
Food,"+
",Fruits,apple,x,x,x,,,,,,,,,,,,,,,,,,,
,,,banana,x,x,x,,,,,,,,,,,,,,,,,,,
,,,orange,x,x,x,,,,,,,,,,,,,,,,,,,
,,,coconut,,x,x,,,,,,,,,,,,,,,,,,,
,,,pineapple,,x,x,,,,,,RULES,,,,,,,,,,,,,
,,,mango,,x,x,,,,,,label name must exist to be added to list,,,,,,,,,,,,,
,,,peach,,,x,,,,,,"give different label names with ,",,,,,,,,,,,,,
,,,winter melon,,,x,,,,,,,,,,,,,,,,,,,
,,,watermelon  ,,,x,,,,,,,,,,,,,,,,,,,
,,,pomegranate,,x,x,,,,,,,,,,,,,,,,,,,
,,,"lemon
",,,x,,,,,,,,,,,,,,,,,,,
,,,grapefruit,,x,x,,,,,,,,,,,,,,,,,,,
,,,grape,,x,x,,,,,,,,,,,,,,,,,,,
,,,common fig,,,x,,,,,,,,,,,,,,,,,,,
,,,strawberry,,x,x,,,,,,,,,,,,,,,,,,,
,,,cantaloupe,,,x,,melon,,,,,,,,,,,,,,,,,
,,,acorn,,x,,,,,,,,,,,,,,,,,,,,
,,,anchovy_pear,,x,,,,,,,,,,,,,,,,,,,,
,,,avocado,,x,,,,,,,,,,,,,,,,,,,,
,,,bartlett,,x,,,,,,,,,,,,,,,,,,,,
,,,bean,,x,,,,,,,,,,,,,,,,,,,,
,,,berry,,x,,,,,,,,,,,,,,,,,,,,
,,,black_olive,,x,,,,,,,,,,,,,,,,,,,,
,,,blackberry,,x,,,,,,,,,,,,,,,,,,,,
,,,blueberry,,x,,,,,,,,,,,,,,,,,,,,
,,,buckeye,,x,,,,,,,,,,,,,,,,,,,,
,,,cashew,,x,,,,,,,,,,,,,,,,,,,,
,,,cherry,,x,,,,,,,,,,,,,,,,,,,,
,,,chestnut,,x,,,,,,,,,,,,,,,,,,,,
,,,coffee_bean,,x,,,,,,,,,,,,,,,,,,,,
,,,cooking_apple,,x,,,,,,,,,,,,,,,,,,,,
,,,corn,,x,,,,,,,,,,,,,,,,,,,,
,,,crab_apple,,x,,,,,,,,,,,,,,,,,,,,
,,,cranberry,,x,,,,,,,,,,,,,,,,,,,,
,,,currant,,x,,,,,,,,,,,,,,,,,,,,
,,,custard_apple,,x,,,,,,,,,,,,,,,,,,,,
,,,drupe,,x,,,,,,,,,,,,,,,,,,,,
,,,durian,,x,,,,,,,,,,,,,,,,,,,,
,,,ear,,x,,,(fruiting spike of a cereal plant e.g corn ),,,,,,,,,,,,,,,,,
,,,elderberry,,x,,,,,,,,,,,,,,,,,,,,
,,,fig,,x,,,,,,,,,,,,,,,,,,,,
,,,fruit,,x,,,,,,,,,,,,,,,,,,,,
,,,gourd,,x,,,,,,,,,,,,,,,,,,,,
,,,granny_smith,,x,,,,,,,,,,,,,,,,,,,,
,,,guava,,x,,,,,,,,,,,,,,,,,,,,
,,,hazelnut,,x,,,,,,,,,,,,,,,,,,,,
,,,hip,,x,,,,,,,,,,,,,,,,,,,,
,,,jackfruit,,x,,,,,,,,,,,,,,,,,,,,
,,,juniper_berry,,x,,,,,,,,,,,,,,,,,,,,
,,,kumquat,,x,,,,,,,,,,,,,,,,,,,,
,,,lemon,,x,,,,,,,,,,,,,,,,,,,,
,,,lentil,,x,,,,,,,,,,,,,,,,,,,,
,,,litchi,,x,,,,,,,,,,,,,,,,,,,,
,,,mulberry,,x,,,,,,,,,,,,,,,,,,,,
,,,nut,,x,,,,,,,,,,,,,,,,,,,,
,,,okra,,x,,,,,,,,,,,,,,,,,,,,
,,,olive,,x,,,,,,,,,,,,,,,,,,,,
,,,pea,,x,,,,,,,,,,,,,,,,,,,,
,,,peanut,,x,,,,,,,,,,,,,,,,,,,,
,,,pear,,x,,,,,,,,,,,,,,,,,,,,
,,,pecan,,x,,,,,,,,,,,,,,,,,,,,
,,,persimmon,,x,,,,,,,,,,,,,,,,,,,,
,,,pistachio,,x,,,,,,,,,,,,,,,,,,,,
,,,plum,,x,,,,,,,,,,,,,,,,,,,,
,,,pond_apple,,x,,,,,,,,,,,,,,,,,,,,
,,,pumpkin_seed,,x,,,,,,,,,,,,,,,,,,,,
,,,quince,,x,,,,,,,,,,,,,,,,,,,,
,,,rambutan,,x,,,,,,,,,,,,,,,,,,,,
,,,rapeseed,,x,,,,,,,,,,,,,,,,,,,,
,,,raspberry,,x,,,,,,,,,,,,,,,,,,,,
,,,samara,,x,,,,,,,,,,,,,,,,,,,,
,,,seed,,x,,,,,,,,,,,,,,,,,,,,
,,,sunflower_seed,,x,,,,,,,,,,,,,,,,,,,,
,,,sweet_orange,,x,,,,,,,,,,,,,,,,,,,,
,,,walnut,,x,,,,,,,,,,,,,,,,,,,,
,,Vegetables,acorn_squash,,x,,,,,,,,,,,,,,,,,,,,
,,,bell_pepper,,x,,,,,,,,,,,,,,,,,,,,
,,,bok_choy,,x,,,,,,,,,,,,,,,,,,,,
,,,brussels_sprouts,,x,,,,,,,,,,,,,,,,,,,,
,,,butternut_squash,,x,,,,,,,,,,,,,,,,,,,,
,,,cardoon,,x,,,,,,,,,,,,,,,,,,,,
,,,cauliflower,,x,,,,,,,,,,,,,,,,,,,,
,,,celery,,x,,,,,,,,,,,,,,,,,,,,
,,,chard,,x,,,,,,,,,,,,,,,,,,,,
,,,cherry_tomato,,x,,,,,,,,,,,,,,,,,,,,
,,,chickpea,,x,,,,,,,,,,,,,,,,,,,,
,,,cress,,x,,,,,,,,,,,,,,,,,,,,
,,,crisphead_lettuce,,x,,,,,,,,,,,,,,,,,,,,
,,,french_fries,,x,,,,,,,,,,,,,,,,,,,,
,,,green_onion,,x,,,,,,,,,,,,,,,,,,,,
,,,green_pea,,x,,,,,,,,,,,,,,,,,,,,
,,,haricot_vert,,x,,,,,,,,,,,,,,,,,,,,
,,,head_cabbage,,x,,,,,,,,,,,,,,,,,,,,
,,,jalapeno,,x,,,,,,,,,,,,,,,,,,,,
,,,kidney_bean,,x,,,,,,,,,,,,,,,,,,,,
,,,leek,,x,,,,,,,,,,,,,,,,,,,,
,,,lettuce,,x,,,,,,,,,,,,,,,,,,,,
,,,mashed_potato,,x,,,,,,,,,,,,,,,,,,,,
,,,mustard,,x,,,,,,,,,,,,,,,,,,,,
,,,parsnip,,x,,,,,,,,,,,,,,,,,,,,
,,,pimento,,x,,,,,,,,,,,,,,,,,,,,
,,,pumpkin,,x,x,,can be halloween or vegetable..,,,,,,,,,,,,,,,,,
,,,shallot,,x,,,,,,,,,,,,,,,,,,,,
,,,soy,,x,,,,,,,,,,,,,,,,,,,,
,,,spaghetti_squash,,x,,,,,,,,,,,,,,,,,,,,
,,,spinach,,x,,,,,,,,,,,,,,,,,,,,
,,,turnip,,x,,,,,,,,,,,,,,,,,,,,
,,,vegetable,,x,,,,,,,,,,,,,,,,,,,,
,,,bell pepper,,,x,,,,,,,,,,,,,,,,,,,
,,,cucumber,,x,x,,,,,,,,,,,,,,,,,,,
,,,radish orange,,,x,,,,,,,,,,,,,,,,,,,
,,,zucchini,,x,x,,,,,,,,,,,,,,,,,,,
,,,carrot,x,,x,,,,,,,,,,,,,,,,,,,
,,,asparagus,,x,x,,,,,,,,,,,,,,,,,,,
,,,salad,,,x,,"raw sald vs salad dish ( ex caesar salad )
",,,,,,,,,,,,,,,,,
,,,broccoli,x,x,x,,,,,,,,,,,,,,,,,,,
,,,guacamole,,,x,,,,,,,,,,,,,,,,,,,
,,,artichoke,,x,x,,,,,,,,,,,,,,,,,,,
,,,mushroom,,x,x,,,,,,,,,,,,,,,,,,,
,,,cabbage,,,x,,,,,,,,,,,,,,,,,,,
,,,tomato,,x,x,,,,,,,,,,,,,,,,,,,
,,,tin can,,,x,,Canette ou conserve,,,,,,,,,,,,,,,,,
,,,seeds,,,,x,,,,,,,,,,,,,,,,,,
,,,peas,,,,x,,,,,,,,,,,,,,,,,,
,,,beans,,,,x,,,,,,,,,,,,,,,,,,
,,,aromatic herbs,,,,x,,,,,,,,,,,,,,,,,,
,,,lime,,,,x,,,,,,,,,,,,,,,,,,
,,Meat,lobster,,,x,,,,,,,,,,,,,,,,,,,
,,,crab,,,x,,,,,,,,,,,,,,,,,,,
,,,shrimp,,,x,,,,,,,,,,,,,,,,,,,
,,,chicken,,,,x,,,,,,,,,,,,,,,,,,
,,,salmon,,,,x,,,,,,,,,,,,,,,,,,
,,,fish,,,x,x,,,,,,,,,,,,,,,,,,
,,"Dairies
",goat cheese,,,,x,,,,,,,,,,,,,,,,,,
,,,egg,,,x,,,,,,,,,,,,,,,,,,,
,,,milk,,x,x,,,,,,,,,,,,,,,,,,,
,,,bleu,,x,,,,,,,,,,,,,,,,,,,,
,,,brick_cheese,,x,,,,,,,,,,,,,,,,,,,,
,,,butter,,x,,,,,,,,,,,,,,,,,,,,
,,,buttermilk,,x,,,,,,,,,,,,,,,,,,,,
,,,cheese,,x,,,,,,,,,,,,,,,,,,,,
,,,cottage_cheese,,x,,,,,,,,,,,,,,,,,,,,
,,,cream_cheese,,x,,,,,,,,,,,,,,,,,,,,
,,,double_cream,,x,,,healthy?,,,,,,,,,,,,,,,,,
,,,double_creme,,x,,,,,,,,,,,,,,,,,,,,
,,,ghee,,x,,,,,,,,,,,,,,,,,,,,
,,,gorgonzola,,x,,,,,,,,,,,,,,,,,,,,
,,,hand_cheese,,x,,,,,,,,,,,,,,,,,,,,
,,,mozzarella,,x,,,,,,,,,,,,,,,,,,,,
,,,process_cheese,,x,,,,,,,,,,,,,,,,,,,,
,,,ricotta,,x,,,,,,,,,,,,,,,,,,,,
,,,sapsago,,x,,,,,,,,,,,,,,,,,,,,
,,,yogurt,,x,,,,,,,,,,,,,,,,,,,,
,,Drinks,tea,,,x,,,,,,,,,,,,,,,,,,,
,,,coffee cup,,,x,,healthy?,,,,,,,,,,,,,,,,,
,,,water_bottle,,x,,,,,,,,,,,,,,,,,,,,
,,,water_jug,,x,,,,,,,,,,,,,,,,,,,,
,,,smoothy,,,x,,,,,,,,,,,,,,,,,,,
,,Starch food ( feculents ),bread,,,x,,,,,,,,,,,,,,,,,,,
,,,baguette,,,,x,,,,,,,,,,,,,,,,,,
,,,pasta,,x,x,,,,,,,,,,,,,,,,,,,
,,,potato,,,x,,,,,,,,,,,,,,,,,,,
,,,quinoa,,,,x,,,,,,,,,,,,,,,,,,
,,,rice,,,,x,,,,,,,,,,,,,,,,,,
,,,muesli,,,,x,,,,,,,,,,,,,,,,,,
,,Dishes,sushi,,x,x,,,,,,,,,,,,,,,,,,,
,,,stew,,,,x,,,,,,,,,,,,,,,,,,
,,,snails,,,,x,,,,,,,,,,,,,,,,,,
,,,humus,,,,x,,,,,,,,,,,,,,,,,,
,,,eggplant caviar,,,,x,,,,,,,,,,,,,,,,,,
,,,poke bowl,,,,x,,,,,,,,,,,,,,,,,,
,,,jar,,,,x,> verrine,,,,,,,,,,,,,,,,,
,,,vege tart,,,,x,,,,,,,,,,,,,,,,,,
,,,vege wrap,,,,x,,,,,,,,,,,,,,,,,,
,,,bagel ,,,x,,,,,,,,,,,,,,,,,,,
,,,adobo,,"x
",,,synset dishes : todo bad and good food ( contains synset sandwich ),,,,,,,,,,,,,,,,,
,,,bomber,,x,,,,,,,,,,,,,,,,,,,,
,,,bowl,,x,,,,,,,,,,,,,,,,,,,,
,,,burrito,,x,,,,,,,,,,,,,,,,,,,,
,,,butter_dish,,x,,,,,,,,,,,,,,,,,,,,
,,,cannelloni,,x,,,,,,,,,,,,,,,,,,,,
,,,casserole,,x,,,,,,,,,,,,,,,,,,,,
,,,chicken_and_rice,,x,,,,,,,,,,,,,,,,,,,,
,,,chicken_salad,,x,,,,,,,,,,,,,,,,,,,,
,,,chicken_sandwich,,x,,,,,,,,,,,,,,,,,,,,
,,,chicken_soup,,x,,,,,,,,,,,,,,,,,,,,
,,,chili,,x,,,,,,,,,,,,,,,,,,,,
,,,chip,,x,,,,,,,,,,,,,,,,,,,,
,,,chowder,,x,,,,,,,,,,,,,,,,,,,,
,,,cock-a-leekie,,x,,,,,,,,,,,,,,,,,,,,
,,,coleslaw,,x,,,,,,,,,,,,,,,,,,,,
,,,congee,,x,,,,,,,,,,,,,,,,,,,,
,,,consomme,,x,,,,,,,,,,,,,,,,,,,,
,,,coquille,,x,,,,,,,,,,,,,,,,,,,,
,,,corn_chip,,x,,,,,,,,,,,,,,,,,,,,
,,,croquette,,x,,,,,,,,,,,,,,,,,,,,
,,,curry,,x,,,,,,,,,,,,,,,,,,,,
,,,deviled_egg,,x,,,,,,,,,,,,,,,,,,,,
,,,dish,,x,,,,,,,,,,,,,,,,,,,,
,,,dolmas,,x,,,,,,,,,,,,,,,,,,,,
,,,egg_roll,,x,,,,,,,,,,,,,,,,,,,,
,,,falafel,,x,,,,,,,,,,,,,,,,,,,,
,,,finger_bowl,,x,,,,,,,,,,,,,,,,,,,,
,,,fish_and_chips,,x,,,,,,,,,,,,,,,,,,,,
,,,fish_cake,,x,,,,,,,,,,,,,,,,,,,,
,,,fish_loaf,,x,,,,,,,,,,,,,,,,,,,,
,,,fish_stick,,x,,,,,,,,,,,,,,,,,,,,
,,,fruit_salad,,x,,,,,,,,,,,,,,,,,,,,
,,,galantine,,x,,,,,,,,,,,,,,,,,,,,
,,,gazpacho,,x,,,,,,,,,,,,,,,,,,,,
,,,goulash,,x,,,,,,,,,,,,,,,,,,,,
,,,gruel,,x,,,,,,,,,,,,,,,,,,,,
,,,ham_and_eggs,,x,,,,,,,,,,,,,,,,,,,,
,,,hot_pot,,x,,,,,,,,,,,,,,,,,,,,
,,,jambalaya,,x,,,,,,,,,,,,,,,,,,,,
,,,kedgeree,,x,,,,,,,,,,,,,,,,,,,,
,,,loblolly,,x,,,,,,,,,,,,,,,,,,,,
,,,macedoine,,x,,,,,,,,,,,,,,,,,,,,
,,,matelote,,x,,,,,,,,,,,,,,,,,,,,
,,,meat_loaf,,x,,,,,,,,,,,,,,,,,,,,
,,,meatball,,x,,,,,,,,,,,,,,,,,,,,
,,,mixing_bowl,,x,,,,,,,,,,,,,,,,,,,,
,,,moussaka,,x,,,,,,,,,,,,,,,,,,,,
,,,mulligatawny,,x,,,,,,,,,,,,,,,,,,,,
,,,nacho,,x,,,,,,,,,,,,,,,,,,,,
,,,oatmeal,,x,,,,,,,,,,,,,,,,,,,,
,,,omelet,,x,,,,,,,,,,,,,,,,,,,,
,,,patty,,x,,,,,,,,,,,,,,,,,,,,
,,,petri_dish,,x,,,,,,,,,,,,,,,,,,,,
,,,pirogi,,x,,,,,,,,,,,,,,,,,,,,
,,,porridge,,x,,,,,,,,,,,,,,,,,,,,
,,,pot-au-feu,,x,,,,,,,,,,,,,,,,,,,,
,,,potage,,x,,,,,,,,,,,,,,,,,,,,
,,,potpie,,x,,,,,,,,,,,,,,,,,,,,
,,,quesadilla,,x,,,,,,,,,,,,,,,,,,,,
,,,ragout,,x,,,,,,,,,,,,,,,,,,,,
,,,raita,,x,,,,,,,,,,,,,,,,,,,,
,,,ramekin,,x,,,,,,,,,,,,,,,,,,,,
,,,salad,,x,,,,,,,,,,,,,,,,,,,,
,,,salmi,,x,,,,,,,,,,,,,,,,,,,,
,,,salmon_loaf,,x,,,,,,,,,,,,,,,,,,,,
,,,samosa,,x,,,,,,,,,,,,,,,,,,,,
,,,sauerkraut,,x,,,,,,,,,,,,,,,,,,,,
,,,saute,,x,,,,,,,,,,,,,,,,,,,,
,,,serving_dish,,x,,,,,,,,,,,,,,,,,,,,
,,,side_dish,,x,,,,,,,,,,,,,,,,,,,,
,,,skilly,,x,,,,,,,,,,,,,,,,,,,,
,,,slumgullion,,x,,,,,,,,,,,,,,,,,,,,
,,,souffle,,x,,,,,,,,,,,,,,,,,,,,
,,,soup,,x,,,,,,,,,,,,,,,,,,,,
,,,soup_bowl,,x,,,,,,,,,,,,,,,,,,,,
,,,spaghetti,,x,,,,,,,,,,,,,,,,,,,,
,,,stuffed_peppers,,x,,,,,,,,,,,,,,,,,,,,
,,,stuffed_tomato,,x,,,,,,,,,,,,,,,,,,,,
,,,succotash,,x,,,,,,,,,,,,,,,,,,,,
,,,sukiyaki,,x,,,,,,,,,,,,,,,,,,,,
,,,tabbouleh,,x,,,,,,,,,,,,,,,,,,,,
,,,teriyaki,,x,,,,,,,,,,,,,,,,,,,,
,,,terrine,,x,,,,,,,,,,,,,,,,,,,,
,,,tostada,,x,,,,,,,,,,,,,,,,,,,,
,,,banquet,,x,,,synset meal,,,,,,,,,,,,,,,,,
,,,barbecue,,x,,,,,,,,,,,,,,,,,,,,
,,,bite,,x,,,,,,,,,,,,,,,,,,,,
,,,breakfast,,x,,,,,,,,,,,,,,,,,,,,
,,,brunch,,x,,,,,,,,,,,,,,,,,,,,
,,,buffet,,x,,,,,,,,,,,,,,,,,,,,
,,,cookout,,x,,,,,,,,,,,,,,,,,,,,
,,,cornmeal,,x,,,,,,,,,,,,,,,,,,,,
,,,dinner,,x,,,? too generic,,,,,,,,,,,,,,,,,
,,,farina,,x,,,,,,,,,,,,,,,,,,,,
,,,kibble,,x,,,,,,,,,,,,,,,,,,,,
,,,lunch,,x,,,? too generic,,,,,,,,,,,,,,,,,
,,,meal,,x,,,? too generic,,,,,,,,,,,,,,,,,
,,,refreshment,,x,,,,,,,,,,,,,,,,,,,,
,,,supper,,x,,,,,,,,,,,,,,,,,,,,
,,,picnic basket,,,x,,,,,,,,,,,,,,,,,,,
,,,indian food,,,,x,( buttermilk chicken ... ),,,,,,,,,,,,,,,,,
,,,chinese food,,,,x,pork rice chicken dumplings ..,,,,,,,,,,,,,,,,,
,,,vietnamese food,,,,x,green curry ....,,,,,,,,,,,,,,,,,
,Food -,Salt,pretzel,,,x,,,,,,,,,,,,,,,,,,,
,,,peanuts,,,,x,?? repeat,,,,,,,,,,,,,,,,,
,,,"baked goods
",,,x,,? too generic ( mostly pizza and burgers ),,,,,,,,,,,,,,,,,
,,Greasy Dishes,fondue,,x,,,( fondue bourguignonne),,,,,,,,,,,,,,,,,
,,,raclette,,,,x,,,,,,,,,,,,,,,,,,
,,,cheese&ham boards,,,,x,"> planches de charcuterie, fromage",,,,,,,,,,,,,,,,,
,,,dry sausage,,,,x,> saucisson,,,,,,,,,,,,,,,,,
,,,cheese fondue,,,,x,> fondue fromage,,,,,,,,,,,,,,,,,
,,,schnitzel,,x,,,,,,,,,,,,,,,,,,,,
,,,sausage,,,,x,,,,,,,,,,,,,,,,,,
,,,ham,,,,x,jambon,,,,,,,,,,,,,,,,,
,,,dry ham,,,,x,jambon cru,,,,,,,,,,,,,,,,,
,,,,,,,,,,,,,,,,,,,,,,,,,
,,Sandwich,bomber,,x,,,synset sandwich,,,,,,,,,,,,,,,,,
,,,cheeseburger,,x,,,,,,,,,,,,,,,,,,,,
,,,chicken_sandwich,,x,,,,,,,,,,,,,,,,,,,,
,,,club_sandwich,,x,,,,,,,,,,,,,,,,,,,,
,,,ham_sandwich,,x,,,,,,,,,,,,,,,,,,,,
,,,hamburger,,x,x,,,,,,,,,,,,,,,,,,,
,,,open-face_sandwich,,x,,,(tartine),,,,,,,,,,,,,,,,,
,,,western,,x,,,,,,,,,,,,,,,,,,,,
,,Junk food,fast food,,,x,,,,,,,,,,,,,,,,,,,
,,,gyro,,"x
",,,,,,,,,,,,,,,,,,,,
,,,french tacos,,,,x,,,,,,,,,,,,,,,,,,
,,,"hot dog,hotdog,hot dog",x,x,x,,,,,,,,,,,,,,,,,,,
,,,sandwich,x,,x,,,,,,,,,,,,,,,,,,,
,,,pizza,x,x,x,,,,,,,,,,,,,,,,,,,
,,,snack,,,x,,,,,,,,,,,,,,,,,,,
,,,french fries,,,x,,,,,,,,,,,,,,,,,,,
,,,brand logos (coca cola/ mcdo...),,,,x,Coca/ Mcdo/ Pringles,"
",,,,,,,,,,,,,,,,
,,,pizza box,,,,x,,,,,,,,,,,,,,,,,,
,,,fried food,,,,x,,,,,,,,,,,,,,,,,,
,,Sugar,chocolate_ice_cream,,x,,,synset dessert,,,,,,,,,,,,,,,,,
,,,flan,,x,,,,,,,,,,,,,,,,,,,,
,,,ice-cream_cake,,x,,,,,,,,,,,,,,,,,,,,
,,,ice-cream_cone,,x,,,,,,,,,,,,,,,,,,,,
,,,ice,,x,,,,,,,,,,,,,,,,,,,,
,,,ice_cream,,x,,,,,,,,,,,,,,,,,,,,
,,,ice_lolly,,x,,,,,,,,,,,,,,,,,,,,
,,,mousse,,x,,,,,,,,,,,,,,,,,,,,
,,,parfait,,x,,,,,,,,,,,,,,,,,,,,
,,,pudding,,x,,,,,,,,,,,,,,,,,,,,
,,,sherbert,,x,,,,,,,,,,,,,,,,,,,,
,,,strawberry_ice_cream,,x,,,,,,,,,,,,,,,,,,,,
,,,tiramisu,,x,,,,,,,,,,,,,,,,,,,,
,,,trifle,,x,,,,,,,,,,,,,,,,,,,,
,,,tutti-frutti,,x,,,,,,,,,,,,,,,,,,,,
,,,zabaglione,,x,,,,,,,,,,,,,,,,,,,,
,,,croissant,,,x,,,,,,,,,,,,,,,,,,,
,,,viennoiserie,,,,x,,,,,,,,,,,,,,,,,,
,,,waffle,,,x,,,,,,,,,,,,,,,,,,,
,,,pancake,,,x,,,,,,,,,,,,,,,,,,,
,,,"crepe
",,,,x,,,,,,,,,,,,,,,,,,
,,,popcorn,,,x,,,,,,,,,,,,,,,,,,,
,,,"donut,_,doughnut",x,,x,,,,,,,,,,,,,,,,,,,
,,,pastry,,,x,,,,,,,,,,,,,,,,,,,
,,,candy,,,x,,,,,,,,,,,,,,,,,,,
,,,juice,,,x,,,,,,,,,,,,,,,,,,,
,,,cookie,,,x,,,,,,,,,,,,,,,,,,,
,,,muffin,,,x,,,,,,,,,,,,,,,,,,,
,,,dessert,,,x,,,,,,,,,,,,,,,,,,,
,,,ice cream,,,x,,,,,,,,,,,,,,,,,,,
,,,dairy,,,x,,,,,,,,,,,,,,,,,,,
,,,tart,,,x,,,,,,,,,,,,,,,,,,,
,,,drinking straw,,,"x
",,usually with sweet drinks?,,,,,,,,,,,,,,,,,
,,,cake,x,,,,,,,,,,,,,,,,,,,,,
,,,cake stand,,,x,,,,,,,,,,,,,,,,,,,
,,,chocolate bar,,,,x,,,,,,,,,,,,,,,,,,
,,,chocolate tab,,,,x,,,,,,,,,,,,,,,,,,
,,,pop_bottle,,x,,,( = soda bottle ),,,,,,,,,,,,,,,,,
,,,soda_fountain,,x,,,,,,,,,,,,,,,,,,,,
,,,grenadine,,,x,,,,,,,,,,,,,,,,,,,
,,,,,,,,,,,,,,,,,,,,,,,,,
Alcohol,-,,beer,,x,x,,,,,,,,,,,,,,,,,,,
,,,cocktail,,x,x,,,,,,,,,,,,,,,,,,,
,,,wine rack,,,x,,,,,,,,,,,,,,,,,,,
,,,drink,,,x,,,,,,,,,,,,,,,,,,,
,,,wine,,x,x,,,,,,,,,,,,,,,,,,,
,,,tin can,,,x,,> canette ou conserve,,,,,,,,,,,,,,,,,
,,,can opener,,,x,,,,,,,,,,,,,,,,,,,
,,,bottle,x,x,x,,,,,,,,,,,,,,,,,,,
,,,bottle opener,,,x,,,,,,,,,,,,,,,,,,,
,,,cocktail shaker,,,x,,,,,,,,,,,,,,,,,,,
,,,glass,,,x,,,,,,,,,,,,,,,,,,,
,,,pastis,,,,x,,,,,,,,,,,,,,,,,,
,,,bar counter,,,,x,,,,,,,,,,,,,,,,,,
,,,champagne,,,,x,,,,,,,,,,,,,,,,,,
,,,wine_bar,,x,,,,,,,,,,,,,,,,,,,,
,,,beer_bottle,,x,,,synset bottle,,,,,,,,,,,,,,,,,
,,,canteen,,x,,,,,,,,,,,,,,,,,,,,
,,,hipflask,,x,,,( flasque d'alcool ),,,,,,,,,,,,,,,,,
,,,whiskey_jug,,x,,,,,,,,,,,,,,,,,,,,
,,,wine_bottle,,x,,,,,,,,,,,,,,,,,,,,
,,,absinth,,x,,,synset alcohol,,,,,,,,,,,,,,,,,
,,,ale,,x,,,,,,,,,,,,,,,,,,,,
,,,altar_wine,,x,,,,,,,,,,,,,,,,,,,,
,,,anisette,,x,,,,,,,,,,,,,,,,,,,,
,,,aquavit,,x,,,,,,,,,,,,,,,,,,,,
,,,arrack,,x,,,,,,,,,,,,,,,,,,,,
,,,blush_wine,,x,,,,,,,,,,,,,,,,,,,,
,,,bock,,x,,,,,,,,,,,,,,,,,,,,
,,,brandy,,x,,,,,,,,,,,,,,,,,,,,
,,,brew,,x,,,,,,,,,,,,,,,,,,,,
,,,bullshot,,x,,,,,,,,,,,,,,,,,,,,
,,,champagne,,x,,,,,,,,,,,,,,,,,,,,
,,,cold_duck,,x,,,,,,,,,,,,,,,,,,,,
,,,cup,,x,,,,,,,,,,,,,,,,,,,,
,,,daiquiri,,x,,,,,,,,,,,,,,,,,,,,
,,,eggnog,,x,,,,,,,,,,,,,,,,,,,,
,,,firewater,,x,,,,,,,,,,,,,,,,,,,,
,,,generic,,x,,,,,,,,,,,,,,,,,,,,
,,,gin,,x,,,,,,,,,,,,,,,,,,,,
,,,grand_marnier,,x,,,,,,,,,,,,,,,,,,,,
,,,grappa,,x,,,,,,,,,,,,,,,,,,,,
,,,highball,,x,,,,,,,,,,,,,,,,,,,,
,,,hooch,,x,,,,,,,,,,,,,,,,,,,,
,,,julep,,x,,,,,,,,,,,,,,,,,,,,
,,,kirsch,,x,,,,,,,,,,,,,,,,,,,,
,,,kummel,,x,,,,,,,,,,,,,,,,,,,,
,,,light_beer,,x,,,,,,,,,,,,,,,,,,,,
,,,liqueur,,x,,,,,,,,,,,,,,,,,,,,
,,,malmsey,,x,,,,,,,,,,,,,,,,,,,,
,,,maraschino,,x,,,,,,,,,,,,,,,,,,,,
,,,martini,,x,,,,,,,,,,,,,,,,,,,,
,,,may_wine,,x,,,,,,,,,,,,,,,,,,,,
,,,ouzo,,x,,,,,,,,,,,,,,,,,,,,
,,,port,,x,,,,,,,,,,,,,,,,,,,,
,,,pulque,,x,,,,,,,,,,,,,,,,,,,,
,,,punch,,x,,,,,,,,,,,,,,,,,,,,
,,,red_wine,,x,,,,,,,,,,,,,,,,,,,,
,,,retsina,,x,,,,,,,,,,,,,,,,,,,,
,,,sambuca,,x,,,,,,,,,,,,,,,,,,,,
,,,schnapps,,x,,,,,,,,,,,,,,,,,,,,
,,,screwdriver,,x,,,vodka orange @todo handle synonyms,,,,,,,,,,,,,,,,,
,,,sidecar,,x,,,,,,,,,,,,,,,,,,,,
,,,sling,,x,,,,,,,,,,,,,,,,,,,,
,,,slivovitz,,x,,,,,,,,,,,,,,,,,,,,
,,,straw_wine,,x,,,,,,,,,,,,,,,,,,,,
,,,varietal,,x,,,,,,,,,,,,,,,,,,,,
,,,vermouth,,x,,,,,,,,,,,,,,,,,,,,
,,,vintage,,x,,,,,,,,,,,,,,,,,,,,
,,,wassail,,x,,,,,,,,,,,,,,,,,,,,
,,,weissbier,,x,,,,,,,,,,,,,,,,,,,,
,,,whiskey,,x,,,,,,,,,,,,,,,,,,,,
,,,white_wine,,x,,,,,,,,,,,,,,,,,,,,
,,,curacao,,,,x,,,,,,,,,,,,,,,,,,
,,,wine glass,x,,x,,,,,,,,,,,,,,,,,,,
,,,beer_glass,,x,,,,,,,,,,,,,,,,,,,,
,"
",,,,,,,,,,,,,,,,,,,,,,,,
Drug,-,,smoke,,,,x,,,,,,,,,,,,,,,,,,
,,,cigarette,,,,x,,,,,,,,,,,,,,,,,,
,,,cigarette pack,,,,x,,,,,,,,,,,,,,,,,,
,,,lighter,,x,,x,,,,,,,,,,,,,,,,,,
,,,electronic cigarette,,,,x,,,,,,,,,,,,,,,,,,
,,,chicha,,,,x,,,,,,,,,,,,,,,,,,
,,,tobacco_shop,,x,,,,,,,,,,,,,,,,,,,,
,,,ashtray,,x,,,,,,,,,,,,,,,,,,,,
,,,rolling paper,,,,x,,,,,,,,,,,,,,,,,,
,,,weed,,,,x,,,,,,,,,,,,,,,,,,
,,,joint,,,,x,,,,,,,,,,,,,,,,,,
,,,white powder,,,,"x
",,,,,,,,,,,,,,,,,,
,,,pouch,,,,"x
",,,,,,,,,,,,,,,,,,
,,,cannabis leaf,,,,x,,,,,,,,,,,,,,,,,,
,,,bob marley,,,,x,"
",,,,,,,,,,,,,,,,,
,,,cigar smoker,,,,x,,,,,,,,,,,,,,,,,,
,,,,,,,,,,,,,,,,,,,,,,,,,
Gambling,-,,dice,,,x,,,,,,,,,,,,,,,,,,,
,,,card,,,,x,,,,,,,,,,,,,,,,,,
,,,casino,,,,x,,,,,,,,,,,,,,,,,,
,,,slot machine,,x,,,,,,,,,,,,,,,,,,,,
,,,chips,,,,x,,,,,,,,,,,,,,,,,,
,,,roulette,,,,x,,,,,,,,,,,,,,,,,,
,,,casino table ( green ),,,,x,,,,,,,,,,,,,,,,,,
,,,casino brands,,,,x,,,,,,,,,,,,,,,,,,
,,,loto ticket,,,,x,,,,,,,,,,,,,,,,,,
,,,scratch card,,,,x,( ticket a gratter ),,,,,,,,,,,,,,,,,
,,,,,,,,,,,,,,,,,,,,,,,,,
Transport,-,city (motorized),land vehicle,,,x,,remove unusual transport,,,,,,,,,,,,,,,,,
,,,traffic sign,,,x,,,,,,,,,,,,,,,,,,,
,,,motorcycle,x,x,x,,,,,,,,,,,,,,,,,,,
,,,car,x,,x,,,,,,,,,,,,,,,,,,,
,,,"airplane, _ ,aircraft
",x,,x,,,,,,,,,,,,,,,,,,,
,,,train,x,,x,,,,,,,,,,,,,,,,,,,
,,,bus,x,,,,,,,,,,,,,,,,,,,,,
,,sky,airbus,,"x
",,,synset transport,,,,,,,,,,,,,,,,,
,,,aircraft,,x,,,,,,,,,,,,,,,,,,,,
,,,aircraft_carrier,,x,,,,,,,,,,,,,,,,,,,,
,,,airliner,,x,,,,,,,,,,,,,,,,,,,,
,,,airplane,,x,x,,,,,,,,,,,,,,,,,,,
,,,airship,,x,,,,,,,,,,,,,,,,,,,,
,,,autogiro,,x,,,,,,,,,,,,,,,,,,,,
,,,barrage_balloon,,x,,,,,,,,,,,,,,,,,,,,
,,,blimp,,x,,,dirigeable..,,,,,,,,,,,,,,,,,
,,,biplane,,x,,,,,,,,,,,,,,,,,,,,
,,railroad,baggage_car,,x,,,,,,,,,,,,,,,,,,,,
,,,car_train,,x,,,,,,,,,,,,,,,,,,,,
,,,electric_locomotive,,x,,,,,,,,,,,,,,,,,,,,
,,,beach_wagon,,x,,,,,,,,,,,,,,,,,,,,
,,,bobsled,,x,,,,,,,,,,,,,,,,,,,,
,,,bomber,,x,,,history/culture,,,,,,,,,,,,,,,,,
,,,boneshaker,,x,,,history/culture,,,,,,,,,,,,,,,,,
,,,bottom,,x,,,remorque,,,,,,,,,,,,,,,,,
,,,buggy,,x,,,voitirue de golf / $$,,,,,,,,,,,,,,,,,
,,,bulldozer,,x,,,,,,,,,,,,,,,,,,,,
,,,bullet_train,,x,,,TTGV,,,,,,,,,,,,,,,,,
,,,bumper_car,,x,,,auto tamponneuse,,,,,,,,,,,,,,,,,
,,,cab,,x,,,,,,,,,,,,,,,,,,,,
,,,cabin_car,,x,,,voiture une place,,,,,,,,,,,,,,,,,
,,,cart,,x,,,vehicule golf,,,,,,,,,,,,,,,,,
,,,catamaran,,x,,,,,,,,,,,,,,,,,,,,
,,,coach,,x,,,,Trip,,,,,,,,,,,,,,,,
,,,compact,,x,,,,,,,,,,,,,,,,,,,,
,,,container_ship,,x,,,,,,,,,,,,,,,,,,,,
,,,convertible,,x,,,,$,,,,,,,,,,,,,,,,
,,,coupe,,x,,,,$,,,,,,,,,,,,,,,,
,,,covered_wagon,,x,,,,,,,,,,,,,,,,,,,,
,,,delivery_truck,,x,,,,,,,,,,,,,,,,,,,,
,,,dining_car,,x,,,wagon restaurant,,,,,,,,,,,,,,,,,
,,,dump_truck,,x,,,camion benne,street,,,,,,,,,,,,,,,,
,,,electric,,x,,,jet prive,$$,,,,,,,,,,,,,,,,
,,,fanjet,,x,,,,,,,,,,,,,,,,,,,,
,,,fighter,,x,,,avion de combat,,,,,,,,,,,,,,,,,
,,,fire_engine,,x,,,camion ompier,street,,,,,,,,,,,,,,,,
,,,fireboat,,x,,,bateau pompier,,,,,,,,,,,,,,,,,
,,,fishing_boat,,x,,,,,,,,,,,,,,,,,,,,
,,,floatplane,,x,,,hydravion,,,,,,,,,,,,,,,,,
,,,forklift,,x,,,voiture entreport carton,,,,,,,,,,,,,,,,,
,,,freight_car,,x,,,wagon fret,,,,,,,,,,,,,,,,,
,,,garbage_truck,,x,,,,street,,,,,,,,,,,,,,,,
,,,gig,,x,,,,,,,,,,,,,,,,,,,,
,,,go-kart,,x,,,,Amusement,,,,,,,,,,,,,,,,
,,oat,golfcart,,x,,,,$$,,,,,,,,,,,,,,,,
,,,gondola,,x,,,,Holidays,,,,,,,,,,,,,,,,
,,,half_track,,x,,,camion militaire,politic,,,,,,,,,,,,,,,,
,,,hand_truck,,x,,,diable,,,,,,,,,,,,,,,,,
,,,handcart,,x,,,brouette,,,,,,,,,,,,,,,,,
,,,hatchback,,x,,,arriere d une berline,,,,,,,,,,,,,,,,,
,,,horse_cart,,x,,,,,,,,,,,,,,,,,,,,
,,,hot-air_balloon,,x,,,,,,,,,,,,,,,,,,,,
,,,hot_rod,,x,,,vieille voiture,,,,,,,,,,,,,,,,,
,,,interceptor,,x,,,vieille moto,,,,,,,,,,,,,,,,,
,,,jeep,,x,,,,,,,,,,,,,,,,,,,,
,,,jet,,x,,,,,,,,,,,,,,,,,,,,
,,,jetliner,,x,,,vieil avion,history culture,,,,,,,,,,,,,,,,
,,,jinrikisha,,x,,,pousse pousse,vacance,,,,,,,,,,,,,,,,
,,,jumbojet,,x,,,avion de ligne boeing,"
",,,,,,,,,,,,,,,,
,,,kite_balloon,,x,,,dirigeable cerf volant,,,,,,,,,,,,,,,,,
,,,ladder_truck,,x,,,,,,,,,,,,,,,,,,,,
,,,laundry_cart,,x,,,,,,,,,,,,,,,,,,,,
,,,lifeboat,,x,,,,,,,,,,,,,,,,,,,,
,,,liner,,x,,,,,,,,,,,,,,,,,,,,
,,,locomotive,,x,,,,,,,,,,,,,,,,,,,,
,,,mail_train,,x,,,,,,,,,,,,,,,,,,,,
,,,meteorological_balloon,,x,,,,,,,,,,,,,,,,,,,,
,,,minibus,,x,,,,,,,,,,,,,,,,,,,,
,,,minivan,,x,,,,,,,,,,,,,,,,,,,,
,,,missile,,x,,,,,,,,,,,,,,,,,,,,
,,,mobile_home,,x,,,,,,,,,,,,,,,,,,,,
,,,model_t,,x,,,,,,,,,,,,,,,,,,,,
,,,monoplane,,x,,,,,,,,,,,,,,,,,,,,
,,,moped,,x,,,,,,,,,,,,,,,,,,,,
,,,motor_scooter,,x,,,,,,,,,,,,,,,,,,,,
,,,motorboat,,x,,,,,,,,,,,,,,,,,,,,
,,,mountain_bike,,x,,,,,,,,,,,,,,,,,,,,
,,,moving_van,,x,,,,,,,,,,,,,,,,,,,,
,,,multiengine_airplane,,x,,,,,,,,,,,,,,,,,,,,
,,,multistage_rocket,,x,,,,,,,,,,,,,,,,,,,,
,,,narrowbody_aircraft,,x,,,,,,,,,,,,,,,,,,,,
,,,oil_tanker,,x,,,,,,,,,,,,,,,,,,,,
,,,ordinary,,x,,,,,,,,,,,,,,,,,,,,
,,,oxcart,,x,,,,,,,,,,,,,,,,,,,,
,,,passenger_car,,x,,,,,,,,,,,,,,,,,,,,
,,,passenger_van,,x,,,,,,,,,,,,,,,,,,,,
,,,patrol_boat,,x,,,,,,,,,,,,,,,,,,,,
,,,pickup,,x,,,,,,,,,,,,,,,,,,,,
,,,pilot_boat,,x,,,,,,,,,,,,,,,,,,,,
,,,pilot_engine,,x,,,,,,,,,,,,,,,,,,,,
,,,pirate,,x,,,,,,,,,,,,,,,,,,,,
,,,propjet,,x,,,,,,,,,,,,,,,,,,,,
,,,racer,,x,,,,,,,,,,,,,,,,,,,,
,,,racing_boat,,x,,,,,,,,,,,,,,,,,,,,
,,,recreational_vehicle,,x,,,,,,,,,,,,,,,,,,,,
,,,refrigerator_car,,x,,,,,,,,,,,,,,,,,,,,
,,,river_boat,,x,,,,,,,,,,,,,,,,,,,,
,,,roadster,,x,,,,,,,,,,,,,,,,,,,,
,,,rocket,,x,,,,,,,,,,,,,,,,,,,,
,,,rope_tow,,x,,,,,,,,,,,,,,,,,,,,
,,,rowing_boat,,x,,,,,,,,,,,,,,,,,,,,
,,,safety_bicycle,,x,,,,,,,,,,,,,,,,,,,,
,,,sailboat,,x,,,,,,,,,,,,,,,,,,,,
,,,sailing_vessel,,x,,,,,,,,,,,,,,,,,,,,
,,,school_bus,,x,,,,,,,,,,,,,,,,,,,,
,,,school_ship,,x,,,,,,,,,,,,,,,,,,,,
,,,schooner,,x,,,,,,,,,,,,,,,,,,,,
,,,scooter,,x,,,,,,,,,,,,,,,,,,,,
,,,sea_boat,,x,,,,,,,,,,,,,,,,,,,,
,,,seaplane,,x,,,,,,,,,,,,,,,,,,,,
,,,sedan,,x,,,,,,,,,,,,,,,,,,,,
,,,serving_cart,,x,,,,,,,,,,,,,,,,,,,,
,,,ship,,x,,,,,,,,,,,,,,,,,,,,
,,,shopping_cart,,x,,,,,,,,,,,,,,,,,,,,
,,,shuttle_bus,,x,,,,,,,,,,,,,,,,,,,,
,,,sister_ship,,x,,,,,,,,,,,,,,,,,,,,
,,,ski-plane,,x,,,,,,,,,,,,,,,,,,,,
,,,ski_tow,,x,,,,,,,,,,,,,,,,,,,,
,,,small_boat,,x,,,,,,,,,,,,,,,,,,,,
,,,snowmobile,,x,,,,,,,,,,,,,,,,,,,,
,,,snowplow,,x,,,,,,,,,,,,,,,,,,,,
,,,space_shuttle,,x,,,,,,,,,,,,,,,,,,,,
,,,speedboat,,x,,,,,,,,,,,,,,,,,,,,
,,,sport_utility,,x,,,,,,,,,,,,,,,,,,,,
,,,sports_car,,x,,,,,,,,,,,,,,,,,,,,
,,,stagecoach,,x,,,,,,,,,,,,,,,,,,,,
,,,starship,,x,,,,,,,,,,,,,,,,,,,,
,,,stealth_aircraft,,x,,,,,,,,,,,,,,,,,,,,
,,,steam_locomotive,,x,,,,,,,,,,,,,,,,,,,,
,,,steamroller,,x,,,,,,,,,,,,,,,,,,,,
,,,stock_car,,x,,,,,,,,,,,,,,,,,,,,
,,,streetcar,,x,,,,,,,,,,,,,,,,,,,,
,,,submarine,,x,,,,,,,,,,,,,,,,,,,,
,,,subway_train,,x,,,,,,,,,,,,,,,,,,,,
,,,surface-to-air_missile,,x,,,,,,,,,,,,,,,,,,,,
,,,surface_ship,,x,,,,,,,,,,,,,,,,,,,,
,,,switch_engine,,x,,,,,,,,,,,,,,,,,,,,
,,,tea_cart,,x,,,,,,,,,,,,,,,,,,,,
,,,tender,,x,,,,,,,,,,,,,,,,,,,,
,,,test_rocket,,x,,,,,,,,,,,,,,,,,,,,
,,,tow_truck,,x,,,,,,,,,,,,,,,,,,,,
,,,tractor,,x,,,,,,,,,,,,,,,,,,,,
,,,trail_bike,,x,,,,,,,,,,,,,,,,,,,,
,,,trailer_truck,,x,,,,,,,,,,,,,,,,,,,,
,,,tramway,,x,,,,,,,,,,,,,,,,,,,,
,,,transport_ship,,x,,,,,,,,,,,,,,,,,,,,
,,,transporter,,x,,,,,,,,,,,,,,,,,,,,
,,,tricycle,,x,,,,,,,,,,,,,,,,,,,,
,,,trimaran,,x,,,,,,,,,,,,,,,,,,,,
,,,trolleybus,,x,,,,,,,,,,,,,,,,,,,,
,,,truck,x,x,,,,,,,,,,,,,,,,,,,,
,,,tugboat,,x,,,,,,,,,,,,,,,,,,,,
,,,twinjet,,x,,,,,,,,,,,,,,,,,,,,
,,,van,,x,,,,,,,,,,,,,,,,,,,,
,,,vehicle,,x,,,,,,,,,,,,,,,,,,,,
,,,vessel,,x,,,,,,,,,,,,,,,,,,,,
,,,wagon,,x,,,,,,,,,,,,,,,,,,,,
,,,warplane,,x,,,,,,,,,,,,,,,,,,,,
,,,water_scooter,,x,,,,,,,,,,,,,,,,,,,,
,,,widebody_aircraft,,x,,,,,,,,,,,,,,,,,,,,
,,,yacht,,x,,,,,,,,,,,,,,,,,,,,
,,,yawl,,x,,,,,,,,,,,,,,,,,,,,
,,,,,,,,,,,,,,,,,,,,,,,,,
Medical,-,,stretcher,,x,x,,,,,,,,,,,,,,,,,,,
,,,ambulance,,,x,,,,,,,,,,,,,,,,,,,
,,,band-aid,,,x,,,,,,,,,,,,,,,,,,,
,,,wheelchair,,x,x,,,,,,,,,,,,,,,,,,,
,,,syringe,,,x,,,,,,,,,,,,,,,,,,,
,,,glasses,,,x,,,,,,,,,,,,,,,,,,,
,,,medical equipment,,,x,,,,,,,,,,,,,,,,,,,
,,,pill_bottle,,x,,,,,,,,,,,,,,,,,,,,
,,,hospital bed,,x,,,,,,,,,,,,,,,,,,,,
,,,motorized_wheelchair,,x,,,,,,,,,,,,,,,,,,,,
,,,medecine chest,,x,,,,,,,,,,,,,,,,,,,,
,,,plaster,,,,x,,,,,,,,,,,,,,,,,,
,+,,toothbrush,,,x,,,,,,,,,,,,,,,,,,,
,,,towel,,,x,,,,,,,,,,,,,,,,,,,
,,,personal care,,,x,,,,,,,,,,,,,,,,,,,
,,,houseplant,,,x,,,,,,,,,,,,,,,,,,,
,,,cream,,,x,,,,,,,,,,,,,,,,,,,
,,,,,,,,,,,,,,,,,,,,,,,,,
"Sports
","+
",Sports team,football,,x,x,,,,,,,,,,,,,,,,,,,
,,,balance beam,,,x,,,,,,,,,,,,,,,,,,,
,,,baseball bat,x,,x,,,,,,,,,,,,,,,,,,,
,,,baseball glove,,,x,,,,,,,,,,,,,,,,,,,
,,,ball,,x,x,,,,,,,,,,,,,,,,,,,
,,,sports uniform,,,x,,,,,,,,,,,,,,,,,,,
,,,sports equipment,,,x,,,,,,,,,,,,,,,,,,,
,,,tennis racket,,,x,,,,,,,,,,,,,,,,,,,
,,,swimwear,,,x,,,,,,,,,,,,,,,,,,,
,,,cricket ball,,,x,,,,,,,,,,,,,,,,,,,
,,,volleyball,,,x,,,,,,,,,,,,,,,,,,,
,,,tennis ball,,,x,,,,,,,,,,,,,,,,,,,
,,,table tennis,,,x,,,,,,,,,,,,,,,,,,,
,,,"tennis racket, _ ,racket",x,,x,,,,,,,,,,,,,,,,,,,
,,,baseball,,x,,,,,,,,,,,,,,,,,,,,
,,,basketball,,x,,,,,,,,,,,,,,,,,,,,
,,,court_game,,x,,,,,,,,,,,,,,,,,,,,
,,,golf,,x,,,,,,,,,,,,,,,,,,,,
,,,professional_tennis,,x,,,,,,,,,,,,,,,,,,,,
,,,royal_tennis,,x,,,,,,,,,,,,,,,,,,,,
,,,soccer,,x,,,,,,,,,,,,,,,,,,,,
,,,tennis,,x,,,,,,,,,,,,,,,,,,,,
,,,flying disc,,,x,,,,,,,,,,,,,,,,,,,
,,,basketball_player,,x,,,synset people,,,,,,,,,,,,,,,,,
,,,diver,,x,,,,,,,,,,,,,,,,,,,,
,,,jockey,,x,,,,,,,,,,,,,,,,,,,,
,,,player,,x,,,,,,,,,,,,,,,,,,,,
,,,referee,,x,,,,,,,,,,,,,,,,,,,,
,,,exercise_bike,,x,,,,,,,,,,,,,,,,,,,,
,,,rowing,,x,,,( Aviron ),,,,,,,,,,,,,,,,,
,,,tent,,,x,,,,,,,,,,,,,,,,,,,
,-,Violent,axe,,,x,,todo,,,,,,,,,,,,,,,,,
,,,punching bag,,,x,,,,,,,,,,,,,,,,,,,
,,,helmet,,,x,,Security in the risk ?,,,,,,,,,,,,,,,,,
,,,rugby ball,,,x,,,,,,,,,,,,,,,,,,,
,,,football helmet,,,x,,,,,,,,,,,,,,,,,,,
,,,rugby,,,,x,,,,,,,,,,,,,,,,,,
,,Risky (ride),paddle,,,x,,,,,,,,,,,,,,,,,,,
,,,bicycle,x,x,x,,,,,,,,,,,,,,,,,,,
,,,bicycle-built-for-two,,x,,,,,,,,,,,,,,,,,,,,
,,,horse,,,x,,,,,,,,,,,,,,,,,,,
,,,roller skates,,,x,,,,,,,,,,,,,,,,,,,
,,,snowmombile,,,x,,,,,,,,,,,,,,,,,,,
,,,unicycle,,x,x,,,,,,,,,,,,,,,,,,,
,,,bicycle helmet,,,x,,,,,,,,,,,,,,,,,,,
,,,wheel,,,x,,,,,,,,,,,,,,,,,,,
,,,skateboard,x,x,x,,,,,,,,,,,,,,,,,,,
,,,snowboard,x,,,,,,,,,,,,,,,,,,,,,
,,,segway,,,x,,,,,,,,,,,,,,,,,,,
,,,"skis, _ ,ski",x,,x,,,,,,,,,,,,,,,,,,,
,,,ice hockey,,,,x,,,,,,,,,,,,,,,,,,
,,,roller,,,,x,,,,,,,,,,,,,,,,,,
,,,eletric scooter,,,,x,trotinnette electrique,,,,,,,,,,,,,,,,,
,,,cross-country_riding,,x,,,,,,,,,,,,,,,,,,,,
,,,cross-country_skiing,,x,,,,,,,,,,,,,,,,,,,,
,,,tire,,,x,,,,,,,,,,,,,,,,,,,
,,Risky (fall),parachute,,,x,,,,,,,,,,,,,,,,,,,
,,,balloon,,x,x,,,,,,,,,,,,,,,,,,,
,,,helicopter,,x,x,,,,,,,,,,,,,,,,,,,
,,,bunny jumping,,,,x,animal sport ??,,,,,,,,,,,,,,,,,
,,,skydiving,,,,x,,,,,,,,,,,,,,,,,,
,,,cliff_diving,,x,,,,,,,,,,,,,,,,,,,,
,,,oxygen mask,,x,,, todo,,,,,,,,,,,,,,,,,
,,,ferris wheel,,x,,,,,,,,,,,,,,,,,,,,
,,,carousel,,x,,,,,,,,,,,,,,,,,,,,
,,,swing,,x,,,,,,,,,,,,,,,,,,,,
,,,,,x,,,,,,,,,,,,,,,,,,,,
,,Risky (aquatic),lifejacket,,,x,,,,,,,,,,,,,,,,,,,
,,,canoe,,,x,,depends on where,,,,,,,,,,,,,,,,,
,,,jet ski,,,x,,,,,,,,,,,,,,,,,,,
,,,bicycle wheel,"
","
",x,,,,,,,,,,,,,,,,,,,
,,,surfboard,x,,x,,,,,,,,,,,,,,,,,,,
,,,boat,x,x,x,,,,,,,,,,,,,,,,,,,
,,,scuba diving,,x,,,,,,,,,,,,,,,,,,,,
,,,water sport,,x,,,,,,,,,,,,,,,,,,,,
,,,hunt,,x,,,,,,,,,,,,,,,,,,,,
,,,polo,,x,,,,,,,,,,,,,,,,,,,,
,,,rapids,,,,x,replace with 'kayaking rapids' ?,,,,,,,,,,,,,,,,,
,,,rock climbing,,,,x,,,,,,,,,,,,,,,,,,
,,,gymnastics,,,,x,,,,,,,,,,,,,,,,,,
,,,,,,,,,,,,,,,,,,,,,,,,,
"Inside/Outside
",_,Amusement,backpack,x,,x,,,,,,,,,,,,,,,,,,,
,,,maracas,,,x,,,,,,,,,,,,,,,,,,,
,,,wedding,,x,,,,,,,,,,,,,,,,,,,,
,,,garden,,x,,,,,,,,,,,,,,,,,,,,
,,,skull,,,x,,museum or halloween party,,,,,,,,,,,,,,,,,
,,,snowman,,,x,,,,,,,,,,,,,,,,,,,
,,,crown,,,x,,,,,,,,,,,,,,,,,,,
,,,cattle,,,x,,,,,,,,,,,,,,,,,,,
,,,handbag,,,x,,,,,,,,,,,,,,,,,,,
,,,gondola,,,x,,,,,,,,,,,,,,,,,,,
,,,sombrero,,,x,,,,,,,,,,,,,,,,,,,
,,,kite,,,x,,( cerf volant ),,,,,,,,,,,,,,,,,
,,,barrow,,x,,,brouette,,,,,,,,,,,,,,,,,
,,Shops,bakery,,x,,,synset shop,,,,,,,,,,,,,,,,,
,,,barbershop,,x,,,,,,,,,,,,,,,,,,,,
,,,bookshop,,x,,,,,,,,,,,,,,,,,,,,
,,,boutique,,x,,,,,,,,,,,,,,,,,,,,
,,,butcher_shop,,x,,,,,,,,,,,,,,,,,,,,
,,,clothing_store,,x,,,,,,,,,,,,,,,,,,,,
,,,confectionery,,x,,,,,,,,,,,,,,,,,,,,
,,,delicatessen,,x,,,,,,,,,,,,,,,,,,,,
,,,florist,,x,,,,,,,,,,,,,,,,,,,,
,,,garage,,x,,,,,,,,,,,,,,,,,,,,
,,,gift_shop,,x,,,,,,,,,,,,,,,,,,,,
,,,millinery,,x,,,,,,,,,,,,,,,,,,,,
,,,salon,,x,,,,,,,,,,,,,,,,,,,,
,,,shoe_shop,,x,,,,,,,,,,,,,,,,,,,,
,,,shop,,x,,,,,,,,,,,,,,,,,,,,
,,,small_stores,,x,,,,,,,,,,,,,,,,,,,,
,,,stall,,x,,,,,,,,,,,,,,,,,,,,
,,,toyshop,,x,,,,,,,,,,,,,,,,,,,,
,,Landscapes,tree,,,x,x,,,,,,,,,,,,,,,,,,
,,,cloud,,,,x,,,,,,,,,,,,,,,,,,
,,,sky,,,,x,,,,,,,,,,,,,,,,,,
,,,"hills
",,,,x,,,,,,,,,,,,,,,,,,
,,,mountains,,,,x,,,,,,,,,,,,,,,,,,
,,,sea,,,,x,,,,,,,,,,,,,,,,,,
,,,sun,,,,x,,,,,,,,,,,,,,,,,,
,,,plant,,,x,,,,,,,,,,,,,,,,,,,
,,,flower,,,x,,,,,,,,,,,,,,,,,,,
,,,snow,,,,x,,,,,,,,,,,,,,,,,,
,,"Outside clothes
",goggles,,,x,,,,,,,,,,,,,,,,,,,
,,,scarf,,,x,,,,,,,,,,,,,,,,,,,
,,,fedora,,,x,,,,,,,,,,,,,,,,,,,
,,,coat,,,x,,,,,,,,,,,,,,,,,,,
,,,glove,,,x,,,,,,,,,,,,,,,,,,,
,,,hat,,,x,,,,,,,,,,,,,,,,,,,
,,Street items,traffic light,x,,x,,,,,,,,,,,,,,,,,,,
,,,street light,,,x,,,,,,,,,,,,,,,,,,,
,,,fire hydrant,x,,,,,,,,,,,,,,,,,,,,,
,,,bench,x,,,,,,,,,,,,,,,,,,,,,
,,,umbrella,x,,,,,,,,,,,,,,,,,,,,,
,,,tower,,,x,,,,,,,,,,,,,,,,,,,
,,,parking meter,x,,x,,,,,,,,,,,,,,,,,,,
,,,stop sign,x,,,,,,,,,,,,,,,,,,,,,
,,,building,,,x,,,,,,,,,,,,,,,,,,,
,,,stairs,,,x,,,,,,,,,,,,,,,,,,,
,,,bitume,,,,x,,,,,,,,,,,,,,,,,,
,,,grass,,,,x,,,,,,,,,,,,,,,,,,
,,Furniture,desk computer mouse,,,x,,,,,,,,,,,,,,,,,,,
,,,calculator,,,x,,,,,,,,,,,,,,,,,,,
,,,couch,x,,x,,,,,,,,,,,,,,,,,,,
,,,studio couch,,,x,,,,,,,,,,,,,,,,,,,
,,,sofa bed,,,x,,,,,,,,,,,,,,,,,,,
,,,nightstand,,,x,,,,,,,,,,,,,,,,,,,
,,,pillow,,,x,,,,,,,,,,,,,,,,,,,
,,,curtain,,,x,,,,,,,,,,,,,,,,,,,
,,,bed,x,,x,,,,,,,,,,,,,,,,,,,
,,,mechanical fan,,,x,,,,,,,,,,,,,,,,,,,
,,,ceiling fan,,,x,,,,,,,,,,,,,,,,,,,
,,,stationary bicycle,,,x,,,,,,,,,,,,,,,,,,,
,,,chair,x,,,,,,,,,,,,,,,,,,,,,
,,,potted plant,x,,,,could be outside as well..,,,,,,,,,,,,,,,,,
,,,toilet,x,,,,,,,,,,,,,,,,,,,,,
,,,dining table,x,,,,,,,,,,,,,,,,,,,,,
,,,slide_rule,,x,,,,,,,,,,,,,,,,,,,,
,,Geek,headphones,,,x,,,,,,,,,,,,,,,,,,,
,,,computer monitor,,,x,,,,,,,,,,,,,,,,,,,
,,,laptop,,x,x,,,,,,,,,,,,,,,,,,,
,,,tablet computer,,,x,,,,,,,,,,,,,,,,,,,
,,,tv,x,,,,,,,,,,,,,,,,,,,,,
,,,computer,,x,,,synset computer,,,,,,,,,,,,,,,,,
,,,desktop_computer,,x,,,,,,,,,,,,,,,,,,,,
,,,file_server,,x,,,,,,,,,,,,,,,,,,,,
,,,hand-held_computer,,x,,,,,,,,,,,,,,,,,,,,
,,,remote control,,,x,,,,,,,,,,,,,,,,,,,
,,,notebook,,x,,,,,,,,,,,,,,,,,,,,
,,,portable_computer,,x,,,,,,,,,,,,,,,,,,,,
,,,web_site,,x,,,,,,,,,,,,,,,,,,,,
,,Work environnement,suit,,,x,,,,,,,,,,,,,,,,,,,
,,,tie,,,x,,,,,,,,,,,,,,,,,,,
,,,microphone,,,x,,,,,,,,,,,,,,,,,,,
,,,presentation,,,,x,Retroprojecteur,,,,,,,,,,,,,,,,,
,,,,,,,,,,,,,,,,,,,,,,,,,
Spending,-,,taxi,,,x,,,,,,,,,,,,,,,,,,,
,,,perfume,,,x,,,,,,,,,,,,,,,,,,,
,,,cosmetics,,,x,,,,,,,,,,,,,,,,,,,
,,,chopsticks,,,x,,,,,,,,,,,,,,,,,,,
,,,washing machine,,,x,,,,,,,,,,,,,,,,,,,
,,,holidays,,,x,,,,,,,,,,,,,,,,,,,
,,,boot,,,x,,,,,,,,,,,,,,,,,,,
,,,ipod,,,x,,,,,,,,,,,,,,,,,,,
,,,christmas tree,,,x,,,,,,,,,,,,,,,,,,,
,,,sunglasses,,,x,,,,,,,,,,,,,,,,,,,
,,,filing cabinet,,,x,,,,,,,,,,,,,,,,,,,
,,,limousine,,x,x,,,,,,,,,,,,,,,,,,,
,,,oyster,,,x,,,,,,,,,,,,,,,,,,,
,,,tiara,,,x,,,,,,,,,,,,,,,,,,,
,,,"golf cart
",,,x,,,,,,,,,,,,,,,,,,,
,,,jacuzzi,,,x,,,,,,,,,,,,,,,,,,,
,,,golf ball,,,x,,,,,,,,,,,,,,,,,,,
,,,gastronomy,,,,x,,,,,,,,,,,,,,,,,,
,,,,,,,,,,,,,,,,,,,,,,,,,
Culture,Culture +,Museum,bronze sculpture,,,x,,,,,,,,,,,,,,,,,,,
,,,dinosaur,,,x,,,,,,,,,,,,,,,,,,,
,,,cannon,,,x,,,,,,,,,,,,,,,,,,,
,,,castle,,,x,,,,,,,,,,,,,,,,,,,
,,,sculpture,,,x,,,,,,,,,,,,,,,,,,,
,,Instruments,harpsichord,,,x,,,,,,,,,,,,,,,,,,,
,,,musician,,x,,,,,,,,,,,,,,,,,,,,
,,,cello,,,x,,,,,,,,,,,,,,,,,,,
,,,drum,,,x,,,,,,,,,,,,,,,,,,,
,,,guitar,,,x,,,,,,,,,,,,,,,,,,,
,,,harp,,,x,,,,,,,,,,,,,,,,,,,
,,,harmonica,,,x,,,,,,,,,,,,,,,,,,,
,,,trumpet,,,x,,,,,,,,,,,,,,,,,,,
,,,violin,,,x,,,,,,,,,,,,,,,,,,,
,,,trombone,,,x,,,,,,,,,,,,,,,,,,,
,,,flute,,,x,,,,,,,,,,,,,,,,,,,
,,,musical instrument,,,x,,,,,,,,,,,,,,,,,,,
,,,piano,,,x,,,,,,,,,,,,,,,,,,,
,,,musical keyboard,,,x,,,,,,,,,,,,,,,,,,,
,,"House
",book,,x,x,,,,,,,,,,,,,,,,,,,
,,,chess,,,,x,,,,,,,,,,,,,,,,,,
,,,paint board,,,,x,,,,,,,,,,,,,,,,,,
,,,,,,,,,,,,,,,,,,,,,,,,,
Construction,Construction +,,screwdriver,,,x,,,,,,,,,,,,,,,,,,,
,,,wrench,,,x,,,,,,,,,,,,,,,,,,,
,,,ratchet,,,x,,,,,,,,,,,,,,,,,,,
,,,adhesive tape,,,x,,,,,,,,,,,,,,,,,,,
,Construction -,,ladder,,,x,,,,,,,,,,,,,,,,,,,
,,,chainsaw,,,x,,,,,,,,,,,,,,,,,,,
,,,sewing machine,,,x,,,,,,,,,,,,,,,,,,,
,,,drill,,,x,,,,,,,,,,,,,,,,,,,
,,,tree house,,,x,,,,,,,,,,,,,,,,,,,
,,,hammer,,,x,,,,,,,,,,,,,,,,,,,
,,,knife,,,x,,,,,,,,,,,,,,,,,,,
,,,kitchen knife,,,x,,,,,,,,,,,,,,,,,,,
,,,,,,,,,,,,,,,,,,,,,,,,,
Political,-,,demonstration,,,,x,,,,,,,,,,,,,,,,,,
,,,signature,,,,x,,,,,,,,,,,,,,,,,,
,,,political meme,,,,x,"Recognition of faces of political figures
",,,,,,,,,,,,,,,,,
,,,fire,,,,x,,,,,,,,,,,,,,,,,,
,,,hidden face,,,,x,everybody has a covered face nowadays..,,,,,,,,,,,,,,,,,
,,,police_boat,,x,,,"
",,,,,,,,,,,,,,,,,
,,,police_van,,x,,,,,,,,,,,,,,,,,,,,
,,,voting machine,,x,,,,,,,,,,,,,,,,,,,,
,,,tank,,x,,,,,,,,,,,,,,,,,,,,
,,,tank_car,,x,,,,,,,,,,,,,,,,,,,,
,,,tank_engine,,x,,,,,,,,,,,,,,,,,,,,
,,,flag,,x,,,,,,,,,,,,,,,,,,,,
,,,fingerprint,,,,x,,,,,,,,,,,,,,,,,,
,,,arrest,,,,x,,,,,,,,,,,,,,,,,,
,,,passport,,,,x,,,,,,,,,,,,,,,,,,
,,,identity card,,,,x,,,,,,,,,,,,,,,,,,
,,,,,,,,,,,,,,,,,,,,,,,,,
"Nudity
",,,brassiere,,,x,,,,,,,,,,,,,,,,,,,
,,,nude body,,,,x,,,,,,,,,,,,,,,,,,
,,,,,,,,< Yahoo Open NSFW dataset ?,,,,,,,,,,,,,,,,,
,,,,,,,,Sensibiliser à la protection de la vie privée des -18,,,,,,,,,,,,,,,,,
Baby,-,,doll,,,x,,,,,,,,,,,,,,,,,,,
,,,teddy bear,x,,x,,,,,,,,,,,,,,,,,,,
,,,diaper,,,x,,,,,,,,,,,,,,,,,,,
,,,infant bed,,,x,,,,,,,,,,,,,,,,,,,
,,,baby,,,,x,,,,,,,,,,,,,,,,,,
,,,baby_bed,,x,,,,,,,,,,,,,,,,,,,,
,,,bassinet,,x,, ,( couffin),,,,,,,,,,,,,,,,,
,,,birth annoucement,,,,x,,,,,,,,,,,,,,,,,,
,,,baby_buggy,,x,,,poussette,,,,,,,,,,,,,,,,,
,,,boy,,,,,,,,,,,,,,,,,,,,,,
,,,child,,x,,,,,,,,,,,,,,,,,,,,
,,,,,,,,,,,,,,,,,,,,,,,,,
Holidays,_,,backpack,x,,x,,,,,,,,,,,,,,,,,,,
,,,binoculars,,,x,,,,,,,,,,,,,,,,,,,
,,,"suitcase, _ ,luggage",x,,x,,,,,,,,,,,,,,,,,,,
,,,bags,,,x,,,,,,,,,,,,,,,,,,,
,,,plane ticket,,,,x,,,,,,,,,,,,,,,,,,
,,,beach,,,,x,,,,,,,,,,,,,,,,,,
,,,"landscapes
",,,,x,,,,,,,,,,,,,,,,,,
,,,buggy,,x,,,voitirue de golf / $$,,,,,,,,,,,,,,,,,
,,,cabin_cruiser,,x,,,petit yacht $$,,,,,,,,,,,,,,,,,
,,,camper,,x,,,camion tirant unee caravane,,,,,,,,,,,,,,,,,
,,,dogsled,,x,,,"traineau a chien
",,,,,,,,,,,,,,,,,
,,,drone,,x,,,,,,,,,,,,,,,,,,,,
,,,palm tree,,,x,,,,,,,,,,,,,,,,,,,
,,,swimming pool,,,x,,,,,,,,,,,,,,,,,,,
,,,ferry,,x,,,,,,,,,,,,,,,,,,,,
,,,,,,,,exotic animals...?,,,,,,,,,,,,,,,,,
,,,,,,,,,,,,,,,,,,,useful to link people to object,,,,,,
,,,,,,,,,,,,,,,,,,,"People
",_,,face,,,x
,,,,,,,,,,,,,,,,,,,,,,nose,,,x
,,,,,,,,,,,,,,,,,,,,,,eye,,,x
,,,,,,,,,,,,,,,,,,,,,,glasses,,,x
,,,,,,,,,,,,,,,,,,,,,,man,,,x
,,,,,,,,,,,,,,,,,,,,,,girl,,,x
,,,,,,,,,,,,,,,,,,,,,,person,x,x,x
,,,,,,,,,,,,,,,,,,,,,,bride,,x,
,,,,,,,,,,,,,,,,,,,,,,,,,
,,,,,,,,,,,,,,,,,,,,,,,,,
,,,,,,,,,,,,,,,,,,,,,,,,,
,,,,,,,,,,,,,,,,,,,,,,,,,
,,TOTAL,,45,589,251,,,,,,,,,,,,,,,,,,,